model_name,feature,coefficient_scaled,abs_coefficient_scaled,tree_importance
linear_regression,avg_gas_used,19492577.343653567,19492577.343653567,
linear_regression,avg_compute_fee,-19400537.58646442,19400537.58646442,
linear_regression,fee_change_1h,-355489.2588925171,355489.2588925171,
linear_regression,avg_forward_fee,-319035.9192833239,319035.9192833239,
linear_regression,fee_lag_1h,-279866.09364593914,279866.09364593914,
linear_regression,avg_total_fee,231351.0331241293,231351.0331241293,
linear_regression,avg_action_fee,219959.7373044726,219959.7373044726,
linear_regression,fee_lag_3h,165258.53985601757,165258.53985601757,
linear_regression,fee_change_3h,165252.31708311383,165252.31708311383,
linear_regression,avg_msg_size_bits,145860.10731191037,145860.10731191037,
linear_regression,p90_total_fee,-97755.25746184273,97755.25746184273,
linear_regression,avg_out_msg_count,-81724.83325595397,81724.83325595397,
linear_regression,failed_tx_ratio,77795.44274669909,77795.44274669909,
linear_regression,avg_msgs_created,69853.30337291141,69853.30337291141,
linear_regression,std_total_fee,-68905.78348651901,68905.78348651901,
linear_regression,avg_vm_steps,-64335.24841878307,64335.24841878307,
linear_regression,p90_fee_change_6h,50486.543768892996,50486.543768892996,
linear_regression,day_of_week,-50363.82502390584,50363.82502390584,
linear_regression,rolling_avg_fee_12h,44301.1655256832,44301.1655256832,
linear_regression,hour_cos,36276.120233675465,36276.120233675465,
linear_regression,fee_change_12h,32759.2563127866,32759.2563127866,
linear_regression,action_success_ratio,31465.260109457653,31465.260109457653,
linear_regression,max_total_fee,31060.819314937107,31060.819314937107,
linear_regression,gas_used_change_6h,30827.620602488518,30827.620602488518,
linear_regression,fee_change_6h,-28160.04749352485,28160.04749352485,
linear_regression,gas_used_change_3h,26407.61220452469,26407.61220452469,
linear_regression,p90_fee_change_1h,25677.950217203237,25677.950217203237,
linear_regression,day_sin,-23873.218664745335,23873.218664745335,
linear_regression,is_weekend,23222.655795908533,23222.655795908533,
linear_regression,avg_storage_fee,21673.659860965563,21673.659860965563,
linear_regression,rolling_std_fee_6h,-20703.935530978255,20703.935530978255,
linear_regression,unique_accounts,19678.929412989877,19678.929412989877,
linear_regression,fee_lag_6h,18757.409801545087,18757.409801545087,
linear_regression,rolling_avg_fee_24h,18013.884367624298,18013.884367624298,
linear_regression,gas_used_change_24h,-15635.233879105188,15635.233879105188,
linear_regression,rolling_std_fee_24h,-14388.642341690138,14388.642341690138,
linear_regression,gas_used_change_1h,-13237.058003369719,13237.058003369719,
linear_regression,p90_fee_change_24h,12235.420471868245,12235.420471868245,
linear_regression,hour_of_day,-12186.080696784193,12186.080696784193,
linear_regression,fee_lag_12h,11806.439291396178,11806.439291396178,
linear_regression,day_cos,-10464.967807627283,10464.967807627283,
linear_regression,avg_import_fee,-9836.552694565617,9836.552694565617,
linear_regression,median_total_fee,-9736.239675665856,9736.239675665856,
linear_regression,avg_msg_size_cells,-8743.924339590361,8743.924339590361,
linear_regression,median_gas_used,-8616.931586533086,8616.931586533086,
linear_regression,hour_sin,7729.276953749359,7729.276953749359,
linear_regression,rolling_avg_fee_3h,6817.547326239292,6817.547326239292,
linear_regression,fee_change_24h,5062.534678498283,5062.534678498283,
linear_regression,avg_transaction_value,3765.990796478698,3765.990796478698,
linear_regression,total_transaction_value,3765.9907911343034,3765.9907911343034,
linear_regression,rolling_avg_fee_6h,-2941.4805649435148,2941.4805649435148,
linear_regression,compute_success_ratio,-2477.368266579928,2477.368266579928,
linear_regression,p90_fee_change_3h,1642.1280642152997,1642.1280642152997,
linear_regression,same_hour_prev_day_fee,-1366.2825426205527,1366.2825426205527,
linear_regression,fee_lag_24h,-1366.282542301109,1366.282542301109,
linear_regression,tx_count,4.393397830426693e-06,4.393397830426693e-06,
linear_regression,min_total_fee,-1.5991972759366035e-06,1.5991972759366035e-06,
linear_regression,tx_count_change_3h,-1.261010766029358e-06,1.261010766029358e-06,
linear_regression,tx_count_change_1h,-9.98377799987793e-07,9.98377799987793e-07,
linear_regression,tx_count_change_6h,5.261972546577454e-07,5.261972546577454e-07,
linear_regression,tx_count_change_24h,-7.078051567077637e-08,7.078051567077637e-08,
linear_regression_log1p_target,avg_gas_used,5.946583246249442,5.946583246249442,
linear_regression_log1p_target,avg_compute_fee,-5.904712754993308,5.904712754993308,
linear_regression_log1p_target,fee_change_1h,-0.14240408083405653,0.14240408083405653,
linear_regression_log1p_target,avg_forward_fee,-0.12515563772717958,0.12515563772717958,
linear_regression_log1p_target,fee_lag_1h,-0.1149147541301907,0.1149147541301907,
linear_regression_log1p_target,avg_action_fee,0.08918126501833046,0.08918126501833046,
linear_regression_log1p_target,avg_total_fee,0.08076951834227811,0.08076951834227811,
linear_regression_log1p_target,fee_lag_3h,0.05846126043610689,0.05846126043610689,
linear_regression_log1p_target,fee_change_3h,0.057115190838063046,0.057115190838063046,
linear_regression_log1p_target,avg_msg_size_bits,0.054628987013138175,0.054628987013138175,
linear_regression_log1p_target,p90_total_fee,-0.03691780444015455,0.03691780444015455,
linear_regression_log1p_target,failed_tx_ratio,0.02913443545928396,0.02913443545928396,
linear_regression_log1p_target,std_total_fee,-0.0270916198311075,0.0270916198311075,
linear_regression_log1p_target,avg_out_msg_count,-0.025178755927239282,0.025178755927239282,
linear_regression_log1p_target,avg_vm_steps,-0.02030755464646078,0.02030755464646078,
linear_regression_log1p_target,avg_msgs_created,0.019530640787718434,0.019530640787718434,
linear_regression_log1p_target,day_of_week,-0.019168213417033675,0.019168213417033675,
linear_regression_log1p_target,rolling_avg_fee_12h,0.01883611250081696,0.01883611250081696,
linear_regression_log1p_target,p90_fee_change_6h,0.018688599583491117,0.018688599583491117,
linear_regression_log1p_target,hour_cos,0.014813367817084089,0.014813367817084089,
linear_regression_log1p_target,fee_lag_6h,0.014556592044710381,0.014556592044710381,
linear_regression_log1p_target,avg_storage_fee,0.014470467457154856,0.014470467457154856,
linear_regression_log1p_target,max_total_fee,0.012217826688519257,0.012217826688519257,
linear_regression_log1p_target,gas_used_change_6h,0.011931960533741126,0.011931960533741126,
linear_regression_log1p_target,gas_used_change_3h,0.01129255711002397,0.01129255711002397,
linear_regression_log1p_target,fee_change_12h,0.011242466526939388,0.011242466526939388,
linear_regression_log1p_target,day_sin,-0.010477713377075204,0.010477713377075204,
linear_regression_log1p_target,action_success_ratio,0.009818055013028015,0.009818055013028015,
linear_regression_log1p_target,p90_fee_change_1h,0.009524621202942507,0.009524621202942507,
linear_regression_log1p_target,unique_accounts,0.008419252748469941,0.008419252748469941,
linear_regression_log1p_target,rolling_std_fee_6h,-0.008236005501833787,0.008236005501833787,
linear_regression_log1p_target,is_weekend,0.00818688927092992,0.00818688927092992,
linear_regression_log1p_target,rolling_avg_fee_24h,0.007548666304010521,0.007548666304010521,
linear_regression_log1p_target,gas_used_change_24h,-0.006978618481422116,0.006978618481422116,
linear_regression_log1p_target,gas_used_change_1h,-0.0067078514288339,0.0067078514288339,
linear_regression_log1p_target,rolling_avg_fee_3h,0.005877538022508788,0.005877538022508788,
linear_regression_log1p_target,rolling_std_fee_24h,-0.005029834355732454,0.005029834355732454,
linear_regression_log1p_target,p90_fee_change_24h,0.004847763274931416,0.004847763274931416,
linear_regression_log1p_target,hour_of_day,-0.0042737965001677924,0.0042737965001677924,
linear_regression_log1p_target,median_total_fee,-0.0038673270119254366,0.0038673270119254366,
linear_regression_log1p_target,avg_import_fee,-0.0037095626041460106,0.0037095626041460106,
linear_regression_log1p_target,fee_change_24h,0.0033594191310830634,0.0033594191310830634,
linear_regression_log1p_target,hour_sin,0.0033318022916839496,0.0033318022916839496,
linear_regression_log1p_target,day_cos,-0.0033097498920280355,0.0033097498920280355,
linear_regression_log1p_target,median_gas_used,-0.0028978811676173555,0.0028978811676173555,
linear_regression_log1p_target,fee_lag_12h,0.002868629314806359,0.002868629314806359,
linear_regression_log1p_target,compute_success_ratio,-0.001601748091573596,0.001601748091573596,
linear_regression_log1p_target,avg_transaction_value,0.0015652671177538435,0.0015652671177538435,
linear_regression_log1p_target,total_transaction_value,0.0015652671161268117,0.0015652671161268117,
linear_regression_log1p_target,rolling_avg_fee_6h,-0.001498743579930073,0.001498743579930073,
linear_regression_log1p_target,p90_fee_change_3h,0.0014947080450377626,0.0014947080450377626,
linear_regression_log1p_target,avg_msg_size_cells,-0.0014236009448089226,0.0014236009448089226,
linear_regression_log1p_target,fee_change_6h,-0.00037425420891712413,0.00037425420891712413,
linear_regression_log1p_target,fee_lag_24h,4.3672461042532085e-05,4.3672461042532085e-05,
linear_regression_log1p_target,same_hour_prev_day_fee,4.367246094594268e-05,4.367246094594268e-05,
linear_regression_log1p_target,tx_count,1.3382628338831637e-12,1.3382628338831637e-12,
linear_regression_log1p_target,min_total_fee,-4.873879078104437e-13,4.873879078104437e-13,
linear_regression_log1p_target,tx_count_change_3h,-3.8324898810060404e-13,3.8324898810060404e-13,
linear_regression_log1p_target,tx_count_change_1h,-3.042011087472929e-13,3.042011087472929e-13,
linear_regression_log1p_target,tx_count_change_6h,1.603162047558726e-13,1.603162047558726e-13,
linear_regression_log1p_target,tx_count_change_24h,-2.1760371282653068e-14,2.1760371282653068e-14,
ridge_alpha_1,avg_forward_fee,-114167.54192380188,114167.54192380188,
ridge_alpha_1,avg_msg_size_bits,111255.92722614111,111255.92722614111,
ridge_alpha_1,avg_total_fee,85605.79048743153,85605.79048743153,
ridge_alpha_1,p90_total_fee,-84919.93803474543,84919.93803474543,
ridge_alpha_1,fee_change_1h,-82380.06948859857,82380.06948859857,
ridge_alpha_1,failed_tx_ratio,70573.36714349221,70573.36714349221,
ridge_alpha_1,avg_action_fee,61173.79437859371,61173.79437859371,
ridge_alpha_1,std_total_fee,-60050.46874316508,60050.46874316508,
ridge_alpha_1,avg_out_msg_count,-59793.62828773298,59793.62828773298,
ridge_alpha_1,avg_msgs_created,53572.18102520753,53572.18102520753,
ridge_alpha_1,p90_fee_change_6h,48292.817229507666,48292.817229507666,
ridge_alpha_1,avg_gas_used,47248.32847863559,47248.32847863559,
ridge_alpha_1,day_of_week,-47112.28623441041,47112.28623441041,
ridge_alpha_1,avg_compute_fee,44929.99306804857,44929.99306804857,
ridge_alpha_1,rolling_avg_fee_12h,43703.32307218663,43703.32307218663,
ridge_alpha_1,avg_vm_steps,-42502.88298230811,42502.88298230811,
ridge_alpha_1,hour_cos,35840.85110361074,35840.85110361074,
ridge_alpha_1,fee_lag_1h,-35445.11622176915,35445.11622176915,
ridge_alpha_1,avg_storage_fee,35056.689292412004,35056.689292412004,
ridge_alpha_1,gas_used_change_6h,29075.449550521138,29075.449550521138,
ridge_alpha_1,fee_lag_6h,27466.496571714633,27466.496571714633,
ridge_alpha_1,max_total_fee,26894.036214269006,26894.036214269006,
ridge_alpha_1,day_sin,-25718.795295158532,25718.795295158532,
ridge_alpha_1,gas_used_change_3h,25392.87186158562,25392.87186158562,
ridge_alpha_1,fee_change_12h,24060.11995925691,24060.11995925691,
ridge_alpha_1,p90_fee_change_1h,21659.550947617972,21659.550947617972,
ridge_alpha_1,fee_lag_3h,20684.55424327746,20684.55424327746,
ridge_alpha_1,action_success_ratio,20403.365952663862,20403.365952663862,
ridge_alpha_1,rolling_std_fee_6h,-20187.59377359799,20187.59377359799,
ridge_alpha_1,avg_msg_size_cells,-19825.10801109667,19825.10801109667,
ridge_alpha_1,is_weekend,18871.17090623149,18871.17090623149,
ridge_alpha_1,unique_accounts,16721.865862708742,16721.865862708742,
ridge_alpha_1,gas_used_change_24h,-15466.422889101494,15466.422889101494,
ridge_alpha_1,rolling_avg_fee_24h,15033.525447896202,15033.525447896202,
ridge_alpha_1,gas_used_change_1h,-14193.952020503588,14193.952020503588,
ridge_alpha_1,fee_change_24h,14176.566260287998,14176.566260287998,
ridge_alpha_1,fee_change_6h,-14020.021434625865,14020.021434625865,
ridge_alpha_1,rolling_std_fee_24h,-12737.96310251336,12737.96310251336,
ridge_alpha_1,median_total_fee,-10406.25837301484,10406.25837301484,
ridge_alpha_1,avg_import_fee,-9965.135958163799,9965.135958163799,
ridge_alpha_1,p90_fee_change_24h,9775.262008438274,9775.262008438274,
ridge_alpha_1,fee_change_3h,-9410.886274113785,9410.886274113785,
ridge_alpha_1,hour_of_day,-8588.61093824578,8588.61093824578,
ridge_alpha_1,hour_sin,7927.880976680684,7927.880976680684,
ridge_alpha_1,day_cos,-7601.087274311823,7601.087274311823,
ridge_alpha_1,fee_lag_12h,7095.002082872541,7095.002082872541,
ridge_alpha_1,rolling_avg_fee_3h,4249.946393158156,4249.946393158156,
ridge_alpha_1,median_gas_used,-4151.367689097162,4151.367689097162,
ridge_alpha_1,total_transaction_value,3559.6982595704794,3559.6982595704794,
ridge_alpha_1,avg_transaction_value,3559.6982595529307,3559.6982595529307,
ridge_alpha_1,rolling_avg_fee_6h,-3170.7070165592813,3170.7070165592813,
ridge_alpha_1,p90_fee_change_3h,-2047.3373359595462,2047.3373359595462,
ridge_alpha_1,compute_success_ratio,1482.425214158775,1482.425214158775,
ridge_alpha_1,same_hour_prev_day_fee,1306.4976668392565,1306.4976668392565,
ridge_alpha_1,fee_lag_24h,1306.4976668322843,1306.4976668322843,
ridge_alpha_1,tx_count,-2.3137545213103294e-08,2.3137545213103294e-08,
ridge_alpha_1,tx_count_change_6h,-8.330971468240023e-10,8.330971468240023e-10,
ridge_alpha_1,min_total_fee,5.911715561524034e-10,5.911715561524034e-10,
ridge_alpha_1,tx_count_change_3h,-5.838955985382199e-10,5.838955985382199e-10,
ridge_alpha_1,tx_count_change_1h,-5.093170329928398e-10,5.093170329928398e-10,
ridge_alpha_1,tx_count_change_24h,-3.8562575355172157e-10,3.8562575355172157e-10,
ridge_alpha_10,failed_tx_ratio,56398.93198803572,56398.93198803572,
ridge_alpha_10,p90_total_fee,-51025.89747823332,51025.89747823332,
ridge_alpha_10,std_total_fee,-43972.68895899856,43972.68895899856,
ridge_alpha_10,avg_msg_size_bits,42602.069582581746,42602.069582581746,
ridge_alpha_10,day_of_week,-38928.899554163465,38928.899554163465,
ridge_alpha_10,rolling_avg_fee_12h,37806.974061629546,37806.974061629546,
ridge_alpha_10,hour_cos,34852.509956094495,34852.509956094495,
ridge_alpha_10,p90_fee_change_6h,33182.121820132095,33182.121820132095,
ridge_alpha_10,avg_storage_fee,29828.61070262229,29828.61070262229,
ridge_alpha_10,day_sin,-26881.934361276974,26881.934361276974,
ridge_alpha_10,avg_gas_used,26650.853860587635,26650.853860587635,
ridge_alpha_10,avg_compute_fee,26440.510957642044,26440.510957642044,
ridge_alpha_10,gas_used_change_6h,23452.902352827514,23452.902352827514,
ridge_alpha_10,avg_total_fee,21653.595805788787,21653.595805788787,
ridge_alpha_10,gas_used_change_3h,20909.22464701518,20909.22464701518,
ridge_alpha_10,rolling_std_fee_6h,-19860.178993215224,19860.178993215224,
ridge_alpha_10,fee_change_1h,-19138.57164248177,19138.57164248177,
ridge_alpha_10,unique_accounts,19001.61009945684,19001.61009945684,
ridge_alpha_10,fee_lag_6h,18470.97915533415,18470.97915533415,
ridge_alpha_10,avg_action_fee,16792.872530805973,16792.872530805973,
ridge_alpha_10,avg_out_msg_count,-16791.829568781242,16791.829568781242,
ridge_alpha_10,fee_lag_3h,15846.434983119845,15846.434983119845,
ridge_alpha_10,rolling_avg_fee_24h,15260.540581063324,15260.540581063324,
ridge_alpha_10,avg_msg_size_cells,-14970.4217310216,14970.4217310216,
ridge_alpha_10,fee_lag_1h,14885.889254631904,14885.889254631904,
ridge_alpha_10,fee_change_12h,14792.760632895974,14792.760632895974,
ridge_alpha_10,max_total_fee,14251.395119489462,14251.395119489462,
ridge_alpha_10,fee_change_24h,13835.32340113214,13835.32340113214,
ridge_alpha_10,p90_fee_change_1h,13700.045228046598,13700.045228046598,
ridge_alpha_10,avg_msgs_created,13070.876209928443,13070.876209928443,
ridge_alpha_10,gas_used_change_24h,-12852.270332332366,12852.270332332366,
ridge_alpha_10,gas_used_change_1h,-12468.385017881083,12468.385017881083,
ridge_alpha_10,is_weekend,11918.262190804375,11918.262190804375,
ridge_alpha_10,rolling_std_fee_24h,-11612.984769931776,11612.984769931776,
ridge_alpha_10,hour_sin,10716.169919483436,10716.169919483436,
ridge_alpha_10,action_success_ratio,9998.4576517949,9998.4576517949,
ridge_alpha_10,avg_forward_fee,-9388.467224271719,9388.467224271719,
ridge_alpha_10,avg_import_fee,-8915.828417611374,8915.828417611374,
ridge_alpha_10,hour_of_day,-7654.168028031796,7654.168028031796,
ridge_alpha_10,median_total_fee,-7412.118190920675,7412.118190920675,
ridge_alpha_10,p90_fee_change_3h,-7100.564304817912,7100.564304817912,
ridge_alpha_10,avg_vm_steps,-6148.097050154267,6148.097050154267,
ridge_alpha_10,fee_change_3h,-5616.16301671362,5616.16301671362,
ridge_alpha_10,fee_change_6h,-5212.456779100703,5212.456779100703,
ridge_alpha_10,rolling_avg_fee_3h,4950.768151787583,4950.768151787583,
ridge_alpha_10,compute_success_ratio,4741.45426783205,4741.45426783205,
ridge_alpha_10,median_gas_used,-4612.611923807017,4612.611923807017,
ridge_alpha_10,p90_fee_change_24h,4120.195227049382,4120.195227049382,
ridge_alpha_10,day_cos,-3597.03235999525,3597.03235999525,
ridge_alpha_10,total_transaction_value,2894.81666114982,2894.81666114982,
ridge_alpha_10,avg_transaction_value,2894.8166611490196,2894.8166611490196,
ridge_alpha_10,rolling_avg_fee_6h,2159.7619860938066,2159.7619860938066,
ridge_alpha_10,fee_lag_12h,1609.2534761041861,1609.2534761041861,
ridge_alpha_10,same_hour_prev_day_fee,-698.6749584748482,698.6749584748482,
ridge_alpha_10,fee_lag_24h,-698.6749584733789,698.6749584733789,
ridge_alpha_10,tx_count,7.661583367735147e-09,7.661583367735147e-09,
ridge_alpha_10,min_total_fee,1.1667964372463757e-09,1.1667964372463757e-09,
ridge_alpha_10,tx_count_change_3h,1.2369127944111824e-10,1.2369127944111824e-10,
ridge_alpha_10,tx_count_change_6h,9.458744898438454e-11,9.458744898438454e-11,
ridge_alpha_10,tx_count_change_1h,1.4551915228366852e-11,1.4551915228366852e-11,
ridge_alpha_10,tx_count_change_24h,1.3642420526593924e-11,1.3642420526593924e-11,
ridge_alpha_100,failed_tx_ratio,30120.849794552978,30120.849794552978,
ridge_alpha_100,hour_cos,27679.654257903545,27679.654257903545,
ridge_alpha_100,rolling_avg_fee_12h,23176.789416027168,23176.789416027168,
ridge_alpha_100,day_sin,-20816.11945585266,20816.11945585266,
ridge_alpha_100,day_of_week,-18918.176321388575,18918.176321388575,
ridge_alpha_100,unique_accounts,17913.15358118471,17913.15358118471,
ridge_alpha_100,rolling_avg_fee_24h,16590.224538489067,16590.224538489067,
ridge_alpha_100,rolling_std_fee_6h,-15969.663203581418,15969.663203581418,
ridge_alpha_100,fee_lag_1h,15449.47567514929,15449.47567514929,
ridge_alpha_100,avg_storage_fee,13307.143415863382,13307.143415863382,
ridge_alpha_100,avg_msg_size_bits,12198.724446366527,12198.724446366527,
ridge_alpha_100,std_total_fee,-11704.387021042112,11704.387021042112,
ridge_alpha_100,avg_total_fee,11264.619353753571,11264.619353753571,
ridge_alpha_100,p90_fee_change_6h,11203.06930134916,11203.06930134916,
ridge_alpha_100,avg_gas_used,10960.65419893974,10960.65419893974,
ridge_alpha_100,avg_compute_fee,10943.874090148447,10943.874090148447,
ridge_alpha_100,hour_sin,10610.345842888044,10610.345842888044,
ridge_alpha_100,rolling_avg_fee_3h,10409.218939144615,10409.218939144615,
ridge_alpha_100,gas_used_change_6h,10065.170183880666,10065.170183880666,
ridge_alpha_100,rolling_std_fee_24h,-9884.458822721741,9884.458822721741,
ridge_alpha_100,fee_lag_3h,9808.960297278612,9808.960297278612,
ridge_alpha_100,rolling_avg_fee_6h,9777.70034750034,9777.70034750034,
ridge_alpha_100,gas_used_change_1h,-9725.390346413531,9725.390346413531,
ridge_alpha_100,fee_change_12h,9263.905966835067,9263.905966835067,
ridge_alpha_100,fee_change_24h,8634.731848024547,8634.731848024547,
ridge_alpha_100,p90_total_fee,-8316.934082800413,8316.934082800413,
ridge_alpha_100,hour_of_day,-8208.889995282187,8208.889995282187,
ridge_alpha_100,avg_action_fee,8105.433795621237,8105.433795621237,
ridge_alpha_100,gas_used_change_3h,7505.740183985091,7505.740183985091,
ridge_alpha_100,avg_vm_steps,7125.575730433086,7125.575730433086,
ridge_alpha_100,max_total_fee,-6981.985092269311,6981.985092269311,
ridge_alpha_100,avg_import_fee,-6288.3839430272865,6288.3839430272865,
ridge_alpha_100,fee_change_6h,6197.602219826735,6197.602219826735,
ridge_alpha_100,fee_change_1h,-5721.9506866673255,5721.9506866673255,
ridge_alpha_100,avg_forward_fee,5341.512759692093,5341.512759692093,
ridge_alpha_100,p90_fee_change_3h,-5331.845778660005,5331.845778660005,
ridge_alpha_100,day_cos,4092.7684450220095,4092.7684450220095,
ridge_alpha_100,fee_lag_6h,3695.30559690639,3695.30559690639,
ridge_alpha_100,action_success_ratio,-3549.8821999930697,3549.8821999930697,
ridge_alpha_100,gas_used_change_24h,-3162.961118528354,3162.961118528354,
ridge_alpha_100,total_transaction_value,2615.6476216542887,2615.6476216542887,
ridge_alpha_100,avg_transaction_value,2615.647621653786,2615.647621653786,
ridge_alpha_100,avg_msg_size_cells,-2528.2292594789833,2528.2292594789833,
ridge_alpha_100,p90_fee_change_24h,2306.5820195644505,2306.5820195644505,
ridge_alpha_100,median_gas_used,-2246.814945201797,2246.814945201797,
ridge_alpha_100,compute_success_ratio,2224.981018586237,2224.981018586237,
ridge_alpha_100,avg_msgs_created,1687.7738127192588,1687.7738127192588,
ridge_alpha_100,p90_fee_change_1h,1529.4376805531747,1529.4376805531747,
ridge_alpha_100,is_weekend,-1215.4844274790375,1215.4844274790375,
ridge_alpha_100,fee_change_3h,833.6937067495919,833.6937067495919,
ridge_alpha_100,fee_lag_24h,-692.0681613498405,692.0681613498405,
ridge_alpha_100,same_hour_prev_day_fee,-692.0681613497809,692.0681613497809,
ridge_alpha_100,fee_lag_12h,613.018675081441,613.018675081441,
ridge_alpha_100,median_total_fee,-546.531768870329,546.531768870329,
ridge_alpha_100,avg_out_msg_count,-281.41017593618926,281.41017593618926,
ridge_alpha_100,tx_count,-6.566551746800542e-10,6.566551746800542e-10,
ridge_alpha_100,min_total_fee,-9.276845958083868e-11,9.276845958083868e-11,
ridge_alpha_100,tx_count_change_3h,-5.4001247917767614e-12,5.4001247917767614e-12,
ridge_alpha_100,tx_count_change_1h,1.8189894035458565e-12,1.8189894035458565e-12,
ridge_alpha_100,tx_count_change_24h,-1.8189894035458565e-12,1.8189894035458565e-12,
ridge_alpha_100,tx_count_change_6h,-9.094947017729282e-13,9.094947017729282e-13,
ridge_alpha_1_log1p_target,avg_forward_fee,-0.04432699888522637,0.04432699888522637,
ridge_alpha_1_log1p_target,avg_msg_size_bits,0.04163817680697785,0.04163817680697785,
ridge_alpha_1_log1p_target,fee_change_1h,-0.03452002598021483,0.03452002598021483,
ridge_alpha_1_log1p_target,p90_total_fee,-0.032119968798705344,0.032119968798705344,
ridge_alpha_1_log1p_target,avg_total_fee,0.02679529121530456,0.02679529121530456,
ridge_alpha_1_log1p_target,failed_tx_ratio,0.026573369737837034,0.026573369737837034,
ridge_alpha_1_log1p_target,avg_action_fee,0.025788712156205058,0.025788712156205058,
ridge_alpha_1_log1p_target,std_total_fee,-0.02406418857157536,0.02406418857157536,
ridge_alpha_1_log1p_target,avg_gas_used,0.020909196552538617,0.020909196552538617,
ridge_alpha_1_log1p_target,avg_compute_fee,0.020216856950729223,0.020216856950729223,
ridge_alpha_1_log1p_target,avg_out_msg_count,-0.019448132037858352,0.019448132037858352,
ridge_alpha_1_log1p_target,avg_storage_fee,0.018643220819711023,0.018643220819711023,
ridge_alpha_1_log1p_target,rolling_avg_fee_12h,0.018523577984748428,0.018523577984748428,
ridge_alpha_1_log1p_target,day_of_week,-0.018155386397793242,0.018155386397793242,
ridge_alpha_1_log1p_target,fee_lag_1h,-0.018036663981619763,0.018036663981619763,
ridge_alpha_1_log1p_target,p90_fee_change_6h,0.01776070684292639,0.01776070684292639,
ridge_alpha_1_log1p_target,avg_msgs_created,0.01567918241706592,0.01567918241706592,
ridge_alpha_1_log1p_target,hour_cos,0.014644126329945807,0.014644126329945807,
ridge_alpha_1_log1p_target,avg_vm_steps,-0.012231825117612317,0.012231825117612317,
ridge_alpha_1_log1p_target,gas_used_change_6h,0.0112804987563931,0.0112804987563931,
ridge_alpha_1_log1p_target,day_sin,-0.011085594880179815,0.011085594880179815,
ridge_alpha_1_log1p_target,gas_used_change_3h,0.010918977439311747,0.010918977439311747,
ridge_alpha_1_log1p_target,fee_lag_6h,0.010915551603757607,0.010915551603757607,
ridge_alpha_1_log1p_target,max_total_fee,0.010795962228992696,0.010795962228992696,
ridge_alpha_1_log1p_target,fee_change_12h,0.00921309017287759,0.00921309017287759,
ridge_alpha_1_log1p_target,p90_fee_change_1h,0.008137951868675289,0.008137951868675289,
ridge_alpha_1_log1p_target,rolling_std_fee_6h,-0.008095343147172786,0.008095343147172786,
ridge_alpha_1_log1p_target,unique_accounts,0.007473094505916106,0.007473094505916106,
ridge_alpha_1_log1p_target,gas_used_change_24h,-0.007013716802226545,0.007013716802226545,
ridge_alpha_1_log1p_target,gas_used_change_1h,-0.006990409058906716,0.006990409058906716,
ridge_alpha_1_log1p_target,is_weekend,0.006886122902015267,0.006886122902015267,
ridge_alpha_1_log1p_target,rolling_avg_fee_24h,0.006539199911619893,0.006539199911619893,
ridge_alpha_1_log1p_target,fee_lag_3h,0.006477142143129793,0.006477142143129793,
ridge_alpha_1_log1p_target,fee_change_24h,0.006433982016508976,0.006433982016508976,
ridge_alpha_1_log1p_target,action_success_ratio,0.006113123861257593,0.006113123861257593,
ridge_alpha_1_log1p_target,avg_msg_size_cells,-0.00601987087529068,0.00601987087529068,
ridge_alpha_1_log1p_target,fee_change_3h,-0.005661434812796871,0.005661434812796871,
ridge_alpha_1_log1p_target,rolling_avg_fee_3h,0.004793478255698414,0.004793478255698414,
ridge_alpha_1_log1p_target,rolling_std_fee_24h,-0.004451267713109233,0.004451267713109233,
ridge_alpha_1_log1p_target,median_total_fee,-0.004169603532272467,0.004169603532272467,
ridge_alpha_1_log1p_target,p90_fee_change_24h,0.003950536995756886,0.003950536995756886,
ridge_alpha_1_log1p_target,fee_change_6h,-0.0037505974893168557,0.0037505974893168557,
ridge_alpha_1_log1p_target,avg_import_fee,-0.0037121208028938514,0.0037121208028938514,
ridge_alpha_1_log1p_target,hour_sin,0.003435434646696111,0.003435434646696111,
ridge_alpha_1_log1p_target,hour_of_day,-0.0030704408617923847,0.0030704408617923847,
ridge_alpha_1_log1p_target,day_cos,-0.002540065655500256,0.002540065655500256,
ridge_alpha_1_log1p_target,fee_lag_12h,0.001997762715902688,0.001997762715902688,
ridge_alpha_1_log1p_target,rolling_avg_fee_6h,-0.0015192373016435327,0.0015192373016435327,
ridge_alpha_1_log1p_target,avg_transaction_value,0.001463340003287595,0.001463340003287595,
ridge_alpha_1_log1p_target,total_transaction_value,0.0014633400032133398,0.0014633400032133398,
ridge_alpha_1_log1p_target,median_gas_used,-0.0013695307835838444,0.0013695307835838444,
ridge_alpha_1_log1p_target,same_hour_prev_day_fee,0.0008814356885384145,0.0008814356885384145,
ridge_alpha_1_log1p_target,fee_lag_24h,0.0008814356885362062,0.0008814356885362062,
ridge_alpha_1_log1p_target,compute_success_ratio,-0.0004160124977777191,0.0004160124977777191,
ridge_alpha_1_log1p_target,p90_fee_change_3h,3.748345096432539e-05,3.748345096432539e-05,
ridge_alpha_1_log1p_target,tx_count,-5.0372900295414524e-14,5.0372900295414524e-14,
ridge_alpha_1_log1p_target,min_total_fee,-1.0397932515004982e-14,1.0397932515004982e-14,
ridge_alpha_1_log1p_target,tx_count_change_6h,2.8102520310824275e-16,2.8102520310824275e-16,
ridge_alpha_1_log1p_target,tx_count_change_3h,-2.5890747878953846e-16,2.5890747878953846e-16,
ridge_alpha_1_log1p_target,tx_count_change_1h,-5.551115123125783e-17,5.551115123125783e-17,
ridge_alpha_1_log1p_target,tx_count_change_24h,4.85722573273506e-17,4.85722573273506e-17,
ridge_alpha_10_log1p_target,failed_tx_ratio,0.02140737865906385,0.02140737865906385,
ridge_alpha_10_log1p_target,p90_total_fee,-0.019568062031931815,0.019568062031931815,
ridge_alpha_10_log1p_target,std_total_fee,-0.017871737881934188,0.017871737881934188,
ridge_alpha_10_log1p_target,avg_msg_size_bits,0.01625178614804916,0.01625178614804916,
ridge_alpha_10_log1p_target,rolling_avg_fee_12h,0.016155010129008385,0.016155010129008385,
ridge_alpha_10_log1p_target,day_of_week,-0.015045653648623689,0.015045653648623689,
ridge_alpha_10_log1p_target,hour_cos,0.014326802322584313,0.014326802322584313,
ridge_alpha_10_log1p_target,avg_storage_fee,0.013606348195481895,0.013606348195481895,
ridge_alpha_10_log1p_target,p90_fee_change_6h,0.012175839714253048,0.012175839714253048,
ridge_alpha_10_log1p_target,avg_gas_used,0.011593808743972634,0.011593808743972634,
ridge_alpha_10_log1p_target,avg_compute_fee,0.011533360238563821,0.011533360238563821,
ridge_alpha_10_log1p_target,day_sin,-0.011459723189710964,0.011459723189710964,
ridge_alpha_10_log1p_target,gas_used_change_6h,0.009265914794342411,0.009265914794342411,
ridge_alpha_10_log1p_target,gas_used_change_3h,0.009136553113780517,0.009136553113780517,
ridge_alpha_10_log1p_target,unique_accounts,0.008200698594906146,0.008200698594906146,
ridge_alpha_10_log1p_target,rolling_std_fee_6h,-0.008091250628851713,0.008091250628851713,
ridge_alpha_10_log1p_target,fee_change_1h,-0.007672800870471094,0.007672800870471094,
ridge_alpha_10_log1p_target,avg_total_fee,0.006931647936623565,0.006931647936623565,
ridge_alpha_10_log1p_target,avg_action_fee,0.006855950174312859,0.006855950174312859,
ridge_alpha_10_log1p_target,rolling_avg_fee_24h,0.006705005587573197,0.006705005587573197,
ridge_alpha_10_log1p_target,fee_lag_6h,0.00645330959045156,0.00645330959045156,
ridge_alpha_10_log1p_target,gas_used_change_1h,-0.006134394996689689,0.006134394996689689,
ridge_alpha_10_log1p_target,max_total_fee,0.0059966342087170305,0.0059966342087170305,
ridge_alpha_10_log1p_target,gas_used_change_24h,-0.005904595264303212,0.005904595264303212,
ridge_alpha_10_log1p_target,fee_change_12h,0.005721649549892506,0.005721649549892506,
ridge_alpha_10_log1p_target,avg_out_msg_count,-0.005660800109734062,0.005660800109734062,
ridge_alpha_10_log1p_target,fee_lag_3h,0.0056136185642309535,0.0056136185642309535,
ridge_alpha_10_log1p_target,fee_change_24h,0.005595418205504394,0.005595418205504394,
ridge_alpha_10_log1p_target,p90_fee_change_1h,0.005211175943805167,0.005211175943805167,
ridge_alpha_10_log1p_target,avg_msg_size_cells,-0.005097928559824534,0.005097928559824534,
ridge_alpha_10_log1p_target,rolling_avg_fee_3h,0.004611600396255959,0.004611600396255959,
ridge_alpha_10_log1p_target,hour_sin,0.004517729478593935,0.004517729478593935,
ridge_alpha_10_log1p_target,is_weekend,0.004365695526065023,0.004365695526065023,
ridge_alpha_10_log1p_target,fee_lag_1h,0.004126898653255569,0.004126898653255569,
ridge_alpha_10_log1p_target,rolling_std_fee_24h,-0.004053082087282878,0.004053082087282878,
ridge_alpha_10_log1p_target,avg_forward_fee,-0.0036794740035411416,0.0036794740035411416,
ridge_alpha_10_log1p_target,avg_import_fee,-0.003318519648672808,0.003318519648672808,
ridge_alpha_10_log1p_target,avg_msgs_created,0.003160185458587149,0.003160185458587149,
ridge_alpha_10_log1p_target,fee_change_3h,-0.002999176268399322,0.002999176268399322,
ridge_alpha_10_log1p_target,median_total_fee,-0.002876030585696592,0.002876030585696592,
ridge_alpha_10_log1p_target,hour_of_day,-0.0028412920964467382,0.0028412920964467382,
ridge_alpha_10_log1p_target,action_success_ratio,0.0028110812928787404,0.0028110812928787404,
ridge_alpha_10_log1p_target,p90_fee_change_3h,-0.002028110559337489,0.002028110559337489,
ridge_alpha_10_log1p_target,fee_change_6h,-0.002002121293636757,0.002002121293636757,
ridge_alpha_10_log1p_target,p90_fee_change_24h,0.0017202347660831173,0.0017202347660831173,
ridge_alpha_10_log1p_target,median_gas_used,-0.001714742221154102,0.001714742221154102,
ridge_alpha_10_log1p_target,avg_transaction_value,0.0011718716108867879,0.0011718716108867879,
ridge_alpha_10_log1p_target,total_transaction_value,0.0011718716108846108,0.0011718716108846108,
ridge_alpha_10_log1p_target,day_cos,-0.001167306425547875,0.001167306425547875,
ridge_alpha_10_log1p_target,rolling_avg_fee_6h,0.0008141814285538458,0.0008141814285538458,
ridge_alpha_10_log1p_target,compute_success_ratio,0.0006303882904210353,0.0006303882904210353,
ridge_alpha_10_log1p_target,same_hour_prev_day_fee,-0.00013332879365383557,0.00013332879365383557,
ridge_alpha_10_log1p_target,fee_lag_24h,-0.0001333287936532611,0.0001333287936532611,
ridge_alpha_10_log1p_target,avg_vm_steps,-0.00011594892141533449,0.00011594892141533449,
ridge_alpha_10_log1p_target,fee_lag_12h,-3.504960506588509e-05,3.504960506588509e-05,
ridge_alpha_10_log1p_target,min_total_fee,6.82884738339995e-16,6.82884738339995e-16,
ridge_alpha_10_log1p_target,tx_count,2.2638141361497333e-16,2.2638141361497333e-16,
ridge_alpha_10_log1p_target,tx_count_change_3h,1.734723475976807e-17,1.734723475976807e-17,
ridge_alpha_10_log1p_target,tx_count_change_24h,1.6479873021779667e-17,1.6479873021779667e-17,
ridge_alpha_10_log1p_target,tx_count_change_1h,-3.469446951953614e-18,3.469446951953614e-18,
ridge_alpha_10_log1p_target,tx_count_change_6h,2.6020852139652106e-18,2.6020852139652106e-18,
ridge_alpha_100_log1p_target,failed_tx_ratio,0.011568174776287545,0.011568174776287545,
ridge_alpha_100_log1p_target,hour_cos,0.01144520550653561,0.01144520550653561,
ridge_alpha_100_log1p_target,rolling_avg_fee_12h,0.00999764455631864,0.00999764455631864,
ridge_alpha_100_log1p_target,day_sin,-0.008835775819673531,0.008835775819673531,
ridge_alpha_100_log1p_target,unique_accounts,0.007410799769308583,0.007410799769308583,
ridge_alpha_100_log1p_target,rolling_avg_fee_24h,0.007301124510820328,0.007301124510820328,
ridge_alpha_100_log1p_target,day_of_week,-0.007298705079210351,0.007298705079210351,
ridge_alpha_100_log1p_target,rolling_std_fee_6h,-0.0065059600489562365,0.0065059600489562365,
ridge_alpha_100_log1p_target,fee_lag_1h,0.005930839041296743,0.005930839041296743,
ridge_alpha_100_log1p_target,avg_storage_fee,0.00551847317158353,0.00551847317158353,
ridge_alpha_100_log1p_target,rolling_avg_fee_3h,0.005429864224497267,0.005429864224497267,
ridge_alpha_100_log1p_target,std_total_fee,-0.0048549255622892425,0.0048549255622892425,
ridge_alpha_100_log1p_target,avg_gas_used,0.004810228795215021,0.004810228795215021,
ridge_alpha_100_log1p_target,avg_compute_fee,0.004806193648402403,0.004806193648402403,
ridge_alpha_100_log1p_target,avg_msg_size_bits,0.004691621983449934,0.004691621983449934,
ridge_alpha_100_log1p_target,avg_total_fee,0.004508483262110795,0.004508483262110795,
ridge_alpha_100_log1p_target,gas_used_change_1h,-0.004413277531866829,0.004413277531866829,
ridge_alpha_100_log1p_target,hour_sin,0.004366186568907882,0.004366186568907882,
ridge_alpha_100_log1p_target,rolling_avg_fee_6h,0.004335908069002625,0.004335908069002625,
ridge_alpha_100_log1p_target,p90_fee_change_6h,0.004116735481953895,0.004116735481953895,
ridge_alpha_100_log1p_target,gas_used_change_6h,0.0041032613539472955,0.0041032613539472955,
ridge_alpha_100_log1p_target,fee_change_12h,0.003891501829496257,0.003891501829496257,
ridge_alpha_100_log1p_target,fee_lag_3h,0.0038545731389221776,0.0038545731389221776,
ridge_alpha_100_log1p_target,avg_vm_steps,0.003508503551301143,0.003508503551301143,
ridge_alpha_100_log1p_target,gas_used_change_3h,0.0034996589317664866,0.0034996589317664866,
ridge_alpha_100_log1p_target,rolling_std_fee_24h,-0.0034537929589392702,0.0034537929589392702,
ridge_alpha_100_log1p_target,fee_change_24h,0.0033961164119127403,0.0033961164119127403,
ridge_alpha_100_log1p_target,hour_of_day,-0.0032580308886446057,0.0032580308886446057,
ridge_alpha_100_log1p_target,avg_action_fee,0.0031780192812194356,0.0031780192812194356,
ridge_alpha_100_log1p_target,p90_total_fee,-0.0031282372593683383,0.0031282372593683383,
ridge_alpha_100_log1p_target,fee_change_6h,0.0026386957691435257,0.0026386957691435257,
ridge_alpha_100_log1p_target,max_total_fee,-0.0025483246042162554,0.0025483246042162554,
ridge_alpha_100_log1p_target,avg_import_fee,-0.002337204802255359,0.002337204802255359,
ridge_alpha_100_log1p_target,fee_change_1h,-0.0021117282125690177,0.0021117282125690177,
ridge_alpha_100_log1p_target,avg_forward_fee,0.0020618763788812365,0.0020618763788812365,
ridge_alpha_100_log1p_target,p90_fee_change_3h,-0.0017979389900898985,0.0017979389900898985,
ridge_alpha_100_log1p_target,action_success_ratio,-0.0017738840699626788,0.0017738840699626788,
ridge_alpha_100_log1p_target,day_cos,0.0017630120579026117,0.0017630120579026117,
ridge_alpha_100_log1p_target,gas_used_change_24h,-0.0016742672421747552,0.0016742672421747552,
ridge_alpha_100_log1p_target,fee_lag_6h,0.0012825242553245238,0.0012825242553245238,
ridge_alpha_100_log1p_target,total_transaction_value,0.0010222203894618524,0.0010222203894618524,
ridge_alpha_100_log1p_target,avg_transaction_value,0.0010222203894596946,0.0010222203894596946,
ridge_alpha_100_log1p_target,p90_fee_change_24h,0.000923961299540997,0.000923961299540997,
ridge_alpha_100_log1p_target,avg_msg_size_cells,-0.0008719200474040859,0.0008719200474040859,
ridge_alpha_100_log1p_target,median_gas_used,-0.0008188230353337583,0.0008188230353337583,
ridge_alpha_100_log1p_target,p90_fee_change_1h,0.0006045669776428989,0.0006045669776428989,
ridge_alpha_100_log1p_target,is_weekend,-0.0004722739659521417,0.0004722739659521417,
ridge_alpha_100_log1p_target,avg_out_msg_count,-0.000371949120600029,0.000371949120600029,
ridge_alpha_100_log1p_target,fee_change_3h,0.0003398202659850838,0.0003398202659850838,
ridge_alpha_100_log1p_target,compute_success_ratio,-0.00023850081247347305,0.00023850081247347305,
ridge_alpha_100_log1p_target,same_hour_prev_day_fee,-0.00010804416366469135,0.00010804416366469135,
ridge_alpha_100_log1p_target,fee_lag_24h,-0.0001080441636646611,0.0001080441636646611,
ridge_alpha_100_log1p_target,avg_msgs_created,-4.5602776342750775e-05,4.5602776342750775e-05,
ridge_alpha_100_log1p_target,fee_lag_12h,-2.9817293592014973e-05,2.9817293592014973e-05,
ridge_alpha_100_log1p_target,median_total_fee,-1.8129040953968056e-05,1.8129040953968056e-05,
ridge_alpha_100_log1p_target,tx_count,5.984795992119984e-17,5.984795992119984e-17,
ridge_alpha_100_log1p_target,min_total_fee,-4.336808689942018e-18,4.336808689942018e-18,
ridge_alpha_100_log1p_target,tx_count_change_6h,-4.336808689942018e-18,4.336808689942018e-18,
ridge_alpha_100_log1p_target,tx_count_change_24h,1.734723475976807e-18,1.734723475976807e-18,
ridge_alpha_100_log1p_target,tx_count_change_1h,1.3010426069826053e-18,1.3010426069826053e-18,
ridge_alpha_100_log1p_target,tx_count_change_3h,3.5236570605778894e-19,3.5236570605778894e-19,
gradient_boosted_stumps_50_lr_0_05,avg_total_fee,,0.2841888818400981,0.2841888818400981
gradient_boosted_stumps_50_lr_0_05,fee_lag_1h,,0.23657774730775874,0.23657774730775874
gradient_boosted_stumps_50_lr_0_05,avg_action_fee,,0.07961771916566968,0.07961771916566968
gradient_boosted_stumps_50_lr_0_05,median_total_fee,,0.0772731881603229,0.0772731881603229
gradient_boosted_stumps_50_lr_0_05,hour_sin,,0.06715575483912486,0.06715575483912486
gradient_boosted_stumps_50_lr_0_05,rolling_avg_fee_6h,,0.05836308497670859,0.05836308497670859
gradient_boosted_stumps_50_lr_0_05,avg_vm_steps,,0.050840887919627424,0.050840887919627424
gradient_boosted_stumps_50_lr_0_05,rolling_avg_fee_3h,,0.04251333918969999,0.04251333918969999
gradient_boosted_stumps_50_lr_0_05,day_of_week,,0.03288372237799491,0.03288372237799491
gradient_boosted_stumps_50_lr_0_05,failed_tx_ratio,,0.030434680368741324,0.030434680368741324
gradient_boosted_stumps_50_lr_0_05,rolling_avg_fee_24h,,0.021252910360005938,0.021252910360005938
gradient_boosted_stumps_50_lr_0_05,p90_total_fee,,0.010214999149078089,0.010214999149078089
gradient_boosted_stumps_50_lr_0_05,hour_cos,,0.008683084345169807,0.008683084345169807
gradient_boosted_stumps_50_lr_0_05,avg_storage_fee,,0.0,0.0
gradient_boosted_stumps_50_lr_0_05,avg_compute_fee,,0.0,0.0
gradient_boosted_stumps_50_lr_0_05,median_gas_used,,0.0,0.0
gradient_boosted_stumps_50_lr_0_05,avg_gas_used,,0.0,0.0
gradient_boosted_stumps_50_lr_0_05,avg_msgs_created,,0.0,0.0
gradient_boosted_stumps_50_lr_0_05,avg_out_msg_count,,0.0,0.0
gradient_boosted_stumps_50_lr_0_05,avg_import_fee,,0.0,0.0
gradient_boosted_stumps_50_lr_0_05,avg_forward_fee,,0.0,0.0
gradient_boosted_stumps_50_lr_0_05,avg_msg_size_cells,,0.0,0.0
gradient_boosted_stumps_50_lr_0_05,avg_msg_size_bits,,0.0,0.0
gradient_boosted_stumps_50_lr_0_05,compute_success_ratio,,0.0,0.0
gradient_boosted_stumps_50_lr_0_05,max_total_fee,,0.0,0.0
gradient_boosted_stumps_50_lr_0_05,unique_accounts,,0.0,0.0
gradient_boosted_stumps_50_lr_0_05,min_total_fee,,0.0,0.0
gradient_boosted_stumps_50_lr_0_05,std_total_fee,,0.0,0.0
gradient_boosted_stumps_50_lr_0_05,tx_count,,0.0,0.0
gradient_boosted_stumps_50_lr_0_05,is_weekend,,0.0,0.0
gradient_boosted_stumps_50_lr_0_05,hour_of_day,,0.0,0.0
gradient_boosted_stumps_50_lr_0_05,avg_transaction_value,,0.0,0.0
gradient_boosted_stumps_50_lr_0_05,total_transaction_value,,0.0,0.0
gradient_boosted_stumps_50_lr_0_05,action_success_ratio,,0.0,0.0
gradient_boosted_stumps_50_lr_0_05,fee_lag_12h,,0.0,0.0
gradient_boosted_stumps_50_lr_0_05,fee_lag_24h,,0.0,0.0
gradient_boosted_stumps_50_lr_0_05,fee_lag_3h,,0.0,0.0
gradient_boosted_stumps_50_lr_0_05,rolling_std_fee_6h,,0.0,0.0
gradient_boosted_stumps_50_lr_0_05,rolling_std_fee_24h,,0.0,0.0
gradient_boosted_stumps_50_lr_0_05,fee_change_1h,,0.0,0.0
gradient_boosted_stumps_50_lr_0_05,fee_change_3h,,0.0,0.0
gradient_boosted_stumps_50_lr_0_05,fee_change_6h,,0.0,0.0
gradient_boosted_stumps_50_lr_0_05,fee_change_12h,,0.0,0.0
gradient_boosted_stumps_50_lr_0_05,fee_lag_6h,,0.0,0.0
gradient_boosted_stumps_50_lr_0_05,rolling_avg_fee_12h,,0.0,0.0
gradient_boosted_stumps_50_lr_0_05,tx_count_change_1h,,0.0,0.0
gradient_boosted_stumps_50_lr_0_05,fee_change_24h,,0.0,0.0
gradient_boosted_stumps_50_lr_0_05,tx_count_change_3h,,0.0,0.0
gradient_boosted_stumps_50_lr_0_05,tx_count_change_6h,,0.0,0.0
gradient_boosted_stumps_50_lr_0_05,gas_used_change_3h,,0.0,0.0
gradient_boosted_stumps_50_lr_0_05,gas_used_change_6h,,0.0,0.0
gradient_boosted_stumps_50_lr_0_05,tx_count_change_24h,,0.0,0.0
gradient_boosted_stumps_50_lr_0_05,gas_used_change_1h,,0.0,0.0
gradient_boosted_stumps_50_lr_0_05,p90_fee_change_1h,,0.0,0.0
gradient_boosted_stumps_50_lr_0_05,gas_used_change_24h,,0.0,0.0
gradient_boosted_stumps_50_lr_0_05,p90_fee_change_3h,,0.0,0.0
gradient_boosted_stumps_50_lr_0_05,p90_fee_change_6h,,0.0,0.0
gradient_boosted_stumps_50_lr_0_05,same_hour_prev_day_fee,,0.0,0.0
gradient_boosted_stumps_50_lr_0_05,p90_fee_change_24h,,0.0,0.0
gradient_boosted_stumps_50_lr_0_05,day_sin,,0.0,0.0
gradient_boosted_stumps_50_lr_0_05,day_cos,,0.0,0.0
gradient_boosted_stumps_100_lr_0_05,avg_total_fee,,0.22123924931077465,0.22123924931077465
gradient_boosted_stumps_100_lr_0_05,fee_lag_1h,,0.20160437435636727,0.20160437435636727
gradient_boosted_stumps_100_lr_0_05,failed_tx_ratio,,0.06634943548857229,0.06634943548857229
gradient_boosted_stumps_100_lr_0_05,hour_sin,,0.06508845745711221,0.06508845745711221
gradient_boosted_stumps_100_lr_0_05,median_total_fee,,0.06477295428231125,0.06477295428231125
gradient_boosted_stumps_100_lr_0_05,avg_action_fee,,0.061055840336601074,0.061055840336601074
gradient_boosted_stumps_100_lr_0_05,avg_vm_steps,,0.05826803851759077,0.05826803851759077
gradient_boosted_stumps_100_lr_0_05,rolling_avg_fee_3h,,0.05120761876538161,0.05120761876538161
gradient_boosted_stumps_100_lr_0_05,day_of_week,,0.048684860105014986,0.048684860105014986
gradient_boosted_stumps_100_lr_0_05,rolling_avg_fee_6h,,0.044756459180582804,0.044756459180582804
gradient_boosted_stumps_100_lr_0_05,rolling_avg_fee_24h,,0.04007683103540361,0.04007683103540361
gradient_boosted_stumps_100_lr_0_05,hour_cos,,0.037452190555038074,0.037452190555038074
gradient_boosted_stumps_100_lr_0_05,avg_msg_size_cells,,0.015352296102746545,0.015352296102746545
gradient_boosted_stumps_100_lr_0_05,rolling_avg_fee_12h,,0.008240548945668268,0.008240548945668268
gradient_boosted_stumps_100_lr_0_05,fee_change_24h,,0.008017346138590929,0.008017346138590929
gradient_boosted_stumps_100_lr_0_05,p90_total_fee,,0.007833499422243612,0.007833499422243612
gradient_boosted_stumps_100_lr_0_05,avg_storage_fee,,0.0,0.0
gradient_boosted_stumps_100_lr_0_05,max_total_fee,,0.0,0.0
gradient_boosted_stumps_100_lr_0_05,avg_import_fee,,0.0,0.0
gradient_boosted_stumps_100_lr_0_05,avg_msgs_created,,0.0,0.0
gradient_boosted_stumps_100_lr_0_05,avg_forward_fee,,0.0,0.0
gradient_boosted_stumps_100_lr_0_05,avg_out_msg_count,,0.0,0.0
gradient_boosted_stumps_100_lr_0_05,avg_compute_fee,,0.0,0.0
gradient_boosted_stumps_100_lr_0_05,median_gas_used,,0.0,0.0
gradient_boosted_stumps_100_lr_0_05,avg_gas_used,,0.0,0.0
gradient_boosted_stumps_100_lr_0_05,unique_accounts,,0.0,0.0
gradient_boosted_stumps_100_lr_0_05,min_total_fee,,0.0,0.0
gradient_boosted_stumps_100_lr_0_05,std_total_fee,,0.0,0.0
gradient_boosted_stumps_100_lr_0_05,tx_count,,0.0,0.0
gradient_boosted_stumps_100_lr_0_05,is_weekend,,0.0,0.0
gradient_boosted_stumps_100_lr_0_05,hour_of_day,,0.0,0.0
gradient_boosted_stumps_100_lr_0_05,avg_transaction_value,,0.0,0.0
gradient_boosted_stumps_100_lr_0_05,total_transaction_value,,0.0,0.0
gradient_boosted_stumps_100_lr_0_05,action_success_ratio,,0.0,0.0
gradient_boosted_stumps_100_lr_0_05,compute_success_ratio,,0.0,0.0
gradient_boosted_stumps_100_lr_0_05,avg_msg_size_bits,,0.0,0.0
gradient_boosted_stumps_100_lr_0_05,fee_lag_24h,,0.0,0.0
gradient_boosted_stumps_100_lr_0_05,fee_lag_3h,,0.0,0.0
gradient_boosted_stumps_100_lr_0_05,rolling_std_fee_6h,,0.0,0.0
gradient_boosted_stumps_100_lr_0_05,fee_change_1h,,0.0,0.0
gradient_boosted_stumps_100_lr_0_05,rolling_std_fee_24h,,0.0,0.0
gradient_boosted_stumps_100_lr_0_05,fee_change_3h,,0.0,0.0
gradient_boosted_stumps_100_lr_0_05,fee_change_6h,,0.0,0.0
gradient_boosted_stumps_100_lr_0_05,fee_lag_6h,,0.0,0.0
gradient_boosted_stumps_100_lr_0_05,fee_lag_12h,,0.0,0.0
gradient_boosted_stumps_100_lr_0_05,tx_count_change_1h,,0.0,0.0
gradient_boosted_stumps_100_lr_0_05,fee_change_12h,,0.0,0.0
gradient_boosted_stumps_100_lr_0_05,tx_count_change_3h,,0.0,0.0
gradient_boosted_stumps_100_lr_0_05,tx_count_change_6h,,0.0,0.0
gradient_boosted_stumps_100_lr_0_05,gas_used_change_3h,,0.0,0.0
gradient_boosted_stumps_100_lr_0_05,gas_used_change_6h,,0.0,0.0
gradient_boosted_stumps_100_lr_0_05,tx_count_change_24h,,0.0,0.0
gradient_boosted_stumps_100_lr_0_05,gas_used_change_1h,,0.0,0.0
gradient_boosted_stumps_100_lr_0_05,p90_fee_change_1h,,0.0,0.0
gradient_boosted_stumps_100_lr_0_05,gas_used_change_24h,,0.0,0.0
gradient_boosted_stumps_100_lr_0_05,p90_fee_change_3h,,0.0,0.0
gradient_boosted_stumps_100_lr_0_05,p90_fee_change_6h,,0.0,0.0
gradient_boosted_stumps_100_lr_0_05,same_hour_prev_day_fee,,0.0,0.0
gradient_boosted_stumps_100_lr_0_05,p90_fee_change_24h,,0.0,0.0
gradient_boosted_stumps_100_lr_0_05,day_sin,,0.0,0.0
gradient_boosted_stumps_100_lr_0_05,day_cos,,0.0,0.0
gradient_boosted_stumps_200_lr_0_03,avg_total_fee,,0.20815986788093913,0.20815986788093913
gradient_boosted_stumps_200_lr_0_03,fee_lag_1h,,0.1930555825953743,0.1930555825953743
gradient_boosted_stumps_200_lr_0_03,failed_tx_ratio,,0.07246031767849365,0.07246031767849365
gradient_boosted_stumps_200_lr_0_03,hour_sin,,0.0643809523171435,0.0643809523171435
gradient_boosted_stumps_200_lr_0_03,median_total_fee,,0.06104866302783653,0.06104866302783653
gradient_boosted_stumps_200_lr_0_03,avg_action_fee,,0.05997305117088723,0.05997305117088723
gradient_boosted_stumps_200_lr_0_03,avg_vm_steps,,0.059594882722554116,0.059594882722554116
gradient_boosted_stumps_200_lr_0_03,rolling_avg_fee_3h,,0.0560642605645123,0.0560642605645123
gradient_boosted_stumps_200_lr_0_03,day_of_week,,0.050473847737181554,0.050473847737181554
gradient_boosted_stumps_200_lr_0_03,rolling_avg_fee_24h,,0.045294566047865796,0.045294566047865796
gradient_boosted_stumps_200_lr_0_03,rolling_avg_fee_6h,,0.0410984886973597,0.0410984886973597
gradient_boosted_stumps_200_lr_0_03,hour_cos,,0.04089479288076266,0.04089479288076266
gradient_boosted_stumps_200_lr_0_03,avg_msg_size_cells,,0.016100205542908537,0.016100205542908537
gradient_boosted_stumps_200_lr_0_03,fee_change_24h,,0.013676582341651554,0.013676582341651554
gradient_boosted_stumps_200_lr_0_03,rolling_avg_fee_12h,,0.00747634475426412,0.00747634475426412
gradient_boosted_stumps_200_lr_0_03,p90_total_fee,,0.007251452435731595,0.007251452435731595
gradient_boosted_stumps_200_lr_0_03,avg_msg_size_bits,,0.001644205145723987,0.001644205145723987
gradient_boosted_stumps_200_lr_0_03,p90_fee_change_6h,,0.0013519364588095808,0.0013519364588095808
gradient_boosted_stumps_200_lr_0_03,std_total_fee,,0.0,0.0
gradient_boosted_stumps_200_lr_0_03,avg_msgs_created,,0.0,0.0
gradient_boosted_stumps_200_lr_0_03,avg_import_fee,,0.0,0.0
gradient_boosted_stumps_200_lr_0_03,avg_storage_fee,,0.0,0.0
gradient_boosted_stumps_200_lr_0_03,avg_compute_fee,,0.0,0.0
gradient_boosted_stumps_200_lr_0_03,median_gas_used,,0.0,0.0
gradient_boosted_stumps_200_lr_0_03,avg_gas_used,,0.0,0.0
gradient_boosted_stumps_200_lr_0_03,max_total_fee,,0.0,0.0
gradient_boosted_stumps_200_lr_0_03,min_total_fee,,0.0,0.0
gradient_boosted_stumps_200_lr_0_03,unique_accounts,,0.0,0.0
gradient_boosted_stumps_200_lr_0_03,tx_count,,0.0,0.0
gradient_boosted_stumps_200_lr_0_03,is_weekend,,0.0,0.0
gradient_boosted_stumps_200_lr_0_03,hour_of_day,,0.0,0.0
gradient_boosted_stumps_200_lr_0_03,avg_transaction_value,,0.0,0.0
gradient_boosted_stumps_200_lr_0_03,total_transaction_value,,0.0,0.0
gradient_boosted_stumps_200_lr_0_03,action_success_ratio,,0.0,0.0
gradient_boosted_stumps_200_lr_0_03,compute_success_ratio,,0.0,0.0
gradient_boosted_stumps_200_lr_0_03,avg_forward_fee,,0.0,0.0
gradient_boosted_stumps_200_lr_0_03,avg_out_msg_count,,0.0,0.0
gradient_boosted_stumps_200_lr_0_03,fee_lag_3h,,0.0,0.0
gradient_boosted_stumps_200_lr_0_03,rolling_std_fee_6h,,0.0,0.0
gradient_boosted_stumps_200_lr_0_03,fee_change_1h,,0.0,0.0
gradient_boosted_stumps_200_lr_0_03,rolling_std_fee_24h,,0.0,0.0
gradient_boosted_stumps_200_lr_0_03,fee_change_3h,,0.0,0.0
gradient_boosted_stumps_200_lr_0_03,fee_lag_24h,,0.0,0.0
gradient_boosted_stumps_200_lr_0_03,fee_lag_6h,,0.0,0.0
gradient_boosted_stumps_200_lr_0_03,fee_lag_12h,,0.0,0.0
gradient_boosted_stumps_200_lr_0_03,tx_count_change_1h,,0.0,0.0
gradient_boosted_stumps_200_lr_0_03,fee_change_12h,,0.0,0.0
gradient_boosted_stumps_200_lr_0_03,fee_change_6h,,0.0,0.0
gradient_boosted_stumps_200_lr_0_03,tx_count_change_3h,,0.0,0.0
gradient_boosted_stumps_200_lr_0_03,gas_used_change_3h,,0.0,0.0
gradient_boosted_stumps_200_lr_0_03,tx_count_change_6h,,0.0,0.0
gradient_boosted_stumps_200_lr_0_03,tx_count_change_24h,,0.0,0.0
gradient_boosted_stumps_200_lr_0_03,gas_used_change_1h,,0.0,0.0
gradient_boosted_stumps_200_lr_0_03,p90_fee_change_1h,,0.0,0.0
gradient_boosted_stumps_200_lr_0_03,gas_used_change_24h,,0.0,0.0
gradient_boosted_stumps_200_lr_0_03,gas_used_change_6h,,0.0,0.0
gradient_boosted_stumps_200_lr_0_03,p90_fee_change_3h,,0.0,0.0
gradient_boosted_stumps_200_lr_0_03,same_hour_prev_day_fee,,0.0,0.0
gradient_boosted_stumps_200_lr_0_03,p90_fee_change_24h,,0.0,0.0
gradient_boosted_stumps_200_lr_0_03,day_sin,,0.0,0.0
gradient_boosted_stumps_200_lr_0_03,day_cos,,0.0,0.0
gradient_boosted_trees_depth_3_50_lr_0_1,avg_total_fee,,0.1664367394733378,0.1664367394733378
gradient_boosted_trees_depth_3_50_lr_0_1,fee_lag_1h,,0.09471848377923538,0.09471848377923538
gradient_boosted_trees_depth_3_50_lr_0_1,failed_tx_ratio,,0.08161876717458127,0.08161876717458127
gradient_boosted_trees_depth_3_50_lr_0_1,hour_cos,,0.06875643112527338,0.06875643112527338
gradient_boosted_trees_depth_3_50_lr_0_1,compute_success_ratio,,0.05511448703078736,0.05511448703078736
gradient_boosted_trees_depth_3_50_lr_0_1,rolling_avg_fee_3h,,0.04450838693305686,0.04450838693305686
gradient_boosted_trees_depth_3_50_lr_0_1,rolling_avg_fee_24h,,0.039177262584560175,0.039177262584560175
gradient_boosted_trees_depth_3_50_lr_0_1,median_total_fee,,0.0375573094926347,0.0375573094926347
gradient_boosted_trees_depth_3_50_lr_0_1,day_of_week,,0.03452321170224278,0.03452321170224278
gradient_boosted_trees_depth_3_50_lr_0_1,avg_action_fee,,0.034092315962078915,0.034092315962078915
gradient_boosted_trees_depth_3_50_lr_0_1,fee_lag_3h,,0.02706725587975607,0.02706725587975607
gradient_boosted_trees_depth_3_50_lr_0_1,hour_sin,,0.026390128221938626,0.026390128221938626
gradient_boosted_trees_depth_3_50_lr_0_1,p90_fee_change_6h,,0.02565648075989419,0.02565648075989419
gradient_boosted_trees_depth_3_50_lr_0_1,rolling_avg_fee_6h,,0.024503368821021262,0.024503368821021262
gradient_boosted_trees_depth_3_50_lr_0_1,rolling_avg_fee_12h,,0.022905048785163862,0.022905048785163862
gradient_boosted_trees_depth_3_50_lr_0_1,avg_vm_steps,,0.016788373079277198,0.016788373079277198
gradient_boosted_trees_depth_3_50_lr_0_1,unique_accounts,,0.014779920287939197,0.014779920287939197
gradient_boosted_trees_depth_3_50_lr_0_1,avg_forward_fee,,0.013164142879213367,0.013164142879213367
gradient_boosted_trees_depth_3_50_lr_0_1,avg_msgs_created,,0.012363941408933434,0.012363941408933434
gradient_boosted_trees_depth_3_50_lr_0_1,p90_fee_change_24h,,0.011123495300862334,0.011123495300862334
gradient_boosted_trees_depth_3_50_lr_0_1,max_total_fee,,0.011122511074626643,0.011122511074626643
gradient_boosted_trees_depth_3_50_lr_0_1,hour_of_day,,0.01044834513122008,0.01044834513122008
gradient_boosted_trees_depth_3_50_lr_0_1,avg_msg_size_cells,,0.009951641924299802,0.009951641924299802
gradient_boosted_trees_depth_3_50_lr_0_1,rolling_std_fee_6h,,0.00960732131666525,0.00960732131666525
gradient_boosted_trees_depth_3_50_lr_0_1,p90_total_fee,,0.009050832505621859,0.009050832505621859
gradient_boosted_trees_depth_3_50_lr_0_1,fee_change_24h,,0.008955838856427022,0.008955838856427022
gradient_boosted_trees_depth_3_50_lr_0_1,fee_lag_6h,,0.008461860476107181,0.008461860476107181
gradient_boosted_trees_depth_3_50_lr_0_1,avg_transaction_value,,0.007759189392991915,0.007759189392991915
gradient_boosted_trees_depth_3_50_lr_0_1,rolling_std_fee_24h,,0.007010962951452314,0.007010962951452314
gradient_boosted_trees_depth_3_50_lr_0_1,gas_used_change_1h,,0.006198083826060026,0.006198083826060026
gradient_boosted_trees_depth_3_50_lr_0_1,p90_fee_change_1h,,0.006052836490711118,0.006052836490711118
gradient_boosted_trees_depth_3_50_lr_0_1,action_success_ratio,,0.0051196919160492035,0.0051196919160492035
gradient_boosted_trees_depth_3_50_lr_0_1,fee_change_1h,,0.005078305213338802,0.005078305213338802
gradient_boosted_trees_depth_3_50_lr_0_1,day_cos,,0.004603364428068791,0.004603364428068791
gradient_boosted_trees_depth_3_50_lr_0_1,fee_change_3h,,0.004038627924608444,0.004038627924608444
gradient_boosted_trees_depth_3_50_lr_0_1,fee_lag_12h,,0.0038932949440481724,0.0038932949440481724
gradient_boosted_trees_depth_3_50_lr_0_1,p90_fee_change_3h,,0.003838613070334947,0.003838613070334947
gradient_boosted_trees_depth_3_50_lr_0_1,avg_msg_size_bits,,0.003782848755400961,0.003782848755400961
gradient_boosted_trees_depth_3_50_lr_0_1,avg_storage_fee,,0.0035691673173959305,0.0035691673173959305
gradient_boosted_trees_depth_3_50_lr_0_1,std_total_fee,,0.0034274807362922387,0.0034274807362922387
gradient_boosted_trees_depth_3_50_lr_0_1,avg_gas_used,,0.003208394325500941,0.003208394325500941
gradient_boosted_trees_depth_3_50_lr_0_1,fee_change_12h,,0.003058789427096052,0.003058789427096052
gradient_boosted_trees_depth_3_50_lr_0_1,gas_used_change_6h,,0.0029541058391527194,0.0029541058391527194
gradient_boosted_trees_depth_3_50_lr_0_1,day_sin,,0.0027413468782572963,0.0027413468782572963
gradient_boosted_trees_depth_3_50_lr_0_1,avg_import_fee,,0.0016824195247218743,0.0016824195247218743
gradient_boosted_trees_depth_3_50_lr_0_1,fee_change_6h,,0.0012125899216000157,0.0012125899216000157
gradient_boosted_trees_depth_3_50_lr_0_1,fee_lag_24h,,0.001192977075933283,0.001192977075933283
gradient_boosted_trees_depth_3_50_lr_0_1,avg_out_msg_count,,0.0007330080742289689,0.0007330080742289689
gradient_boosted_trees_depth_3_50_lr_0_1,total_transaction_value,,0.0,0.0
gradient_boosted_trees_depth_3_50_lr_0_1,tx_count,,0.0,0.0
gradient_boosted_trees_depth_3_50_lr_0_1,min_total_fee,,0.0,0.0
gradient_boosted_trees_depth_3_50_lr_0_1,avg_compute_fee,,0.0,0.0
gradient_boosted_trees_depth_3_50_lr_0_1,median_gas_used,,0.0,0.0
gradient_boosted_trees_depth_3_50_lr_0_1,is_weekend,,0.0,0.0
gradient_boosted_trees_depth_3_50_lr_0_1,tx_count_change_1h,,0.0,0.0
gradient_boosted_trees_depth_3_50_lr_0_1,gas_used_change_24h,,0.0,0.0
gradient_boosted_trees_depth_3_50_lr_0_1,tx_count_change_24h,,0.0,0.0
gradient_boosted_trees_depth_3_50_lr_0_1,tx_count_change_3h,,0.0,0.0
gradient_boosted_trees_depth_3_50_lr_0_1,gas_used_change_3h,,0.0,0.0
gradient_boosted_trees_depth_3_50_lr_0_1,tx_count_change_6h,,0.0,0.0
gradient_boosted_trees_depth_3_50_lr_0_1,same_hour_prev_day_fee,,0.0,0.0
